BSU	Gene	S-Value
BSU00010	dnaA	0.005140261
BSU00020	dnaN	-0.874325888
BSU00060	gyrB	-2.667327395
BSU00070	gyrA	0.270162983
BSU00090	guaB	-0.560621403
BSU00130	serS	0.36390176
BSU00190	dnaX	0.605841898
BSU00310	holB	0.527998922
BSU00380	metS	0.909504618
BSU00460	ipk	0.058096936
BSU00500	glmU	2.058551263
BSU00510	prs	0.854914059
BSU00530	pth	-0.30801253
BSU00620	divIC	-1.720882853
BSU00670	tilS	0.132011382
BSU00680	hprT	0.734515772
BSU00770	sul	0.057594496
BSU00780	folB	1.171376792
BSU00790	folK	0.582827359
BSU00820	lysS	-0.49984741
BSU00900	ispD	-1.693488817
BSU00910	ispF	-0.854840642
BSU00920	gltX	0.987691434
BSU00940	cysS	-0.993578234
BSU01000	secE	0.514008374
BSU01040	rplJ	-1.11005705
BSU01050	rplL	0.067830113
BSU01070	rpoB	-0.95746428
BSU01080	rpoC	-2.394486564
BSU01100	rpsL	0.299514838
BSU01110	rpsG	1.088991236
BSU01120	fusA	1.697826234
BSU01130	tufA	0.388974802
BSU01150	rpsJ	0.919521859
BSU01160	rplC	-0.240834173
BSU01170	rplD	0.313071312
BSU01190	rplB	-0.11875391
BSU01200	rpsS	-0.211107606
BSU01220	rpsC	0.187305686
BSU01230	rplP	-0.344483054
BSU01250	rpsQ	0.172669719
BSU01260	rplN	-0.788295611
BSU01270	rplX	0.243150062
BSU01280	rplE	1.676521634
BSU01290	rpsN	0.814605817
BSU01290	rpsNA	1.244485337
BSU01290	rpsNA	1.244485337
BSU01300	rpsH	0.992959412
BSU01310	rplF	1.439217946
BSU01320	rplR	1.019569009
BSU01320	rplR	1.019569009
BSU01320	rplR103	0.042588374
BSU01330	rpsE	2.204779096
BSU01340	rpmD	-0.25516429
BSU01360	secY	-0.130924994
BSU01370	adk	0.049733841
BSU01380	mapA	0.126698446
BSU01390	infA	0.156848956
BSU01410	rpsM	-0.811380906
BSU01420	rpsK	1.676523043
BSU01430	rpoA	-1.582730814
BSU01440	rplQ	0.400256489
BSU01490	rplM	1.761258588
BSU01500	rpsI	1.050295147
BSU01770	glmM	-0.088717368
BSU01780	glmS	-3.95188318
BSU03100	ycgG	1.092891263
BSU03130	nadE	0.425853494
BSU03150	aroK	-0.40960194
BSU04560	ddl	0.947715159
BSU04570	murF	0.179815439
BSU04620	acpS	-0.709653462
BSU04620	acpS	-0.709653462
BSU04620	acpS48	1.341825631
BSU04640	alrA	-0.528553461
BSU05100	yddT	0.786440797
BSU05920	ydiC	1.241802528
BSU05940	gcp	0.425194136
BSU06020	groES	0.26493724
BSU06030	groEL	0.931998943
BSU06060	ydiO	0.073273481
BSU06070	ydiP	-0.321775052
BSU06610	pcrA	-0.131603183
BSU06620	ligA	-0.097215762
BSU06670	gatC	1.28271147
BSU06680	gatA	1.388195199
BSU06690	gatB	1.089337655
BSU06720	yerQ	0.261708396
BSU06811	yezG	-0.781503628
BSU06811	yezG	-0.781503628
BSU06811	yezG129	0.086929324
BSU07840	yfkN	0.010022889
BSU08930	cspR	2.311631235
BSU09510	yhdL	-2.796446395
BSU09540	plsC	-2.326888779
BSU09950	prsA44	1.143979822
BSU10120	hemE	3.064866396
BSU10130	hemH	2.041260901
BSU10140	hemY	2.488895571
BSU10660	yisB	-0.061569841
BSU11340	fabF	0.166962013
BSU11420	trpS	-1.124524224
BSU11610	ppnK	0.385988379
BSU12519	yjzJ	-0.163100897
BSU12520	xkdB	0.677410849
BSU12530	xkdC	0.504495486
BSU13300	mgtE	1.777313991
BSU14000	patA	1.378397319
BSU14180	dapH	-2.88344806
BSU14190	dapL	-5.838632108
BSU14530	rnjA	-1.002342312
BSU14580	pdhA	0.501832114
BSU14840	ylaN	-0.190282365
BSU14840	ylaN	-0.190282365
BSU14840	ylaN	-0.190282365
BSU14840	ylaN	-0.190282365
BSU14840	ylaN	-0.190282365
BSU14840	ylaN187	-0.02263875
BSU14840	ylaN190	-0.644624912
BSU14840	ylaN25	-0.409517015
BSU14840	ylaN85	-0.902335403
BSU14850	ftsW	-0.674667248
BSU15020	coaD	1.489336818
BSU15180	murE	0.733148042
BSU15190	mraY	-2.024234067
BSU15200	murD	0.507966693
BSU15220	murG	-1.369445465
BSU15230	murB	0.043070745
BSU15240	divIB	-0.68871329
BSU15290	ftsZ	1.044593315
BSU15290	ftsZ	1.044593315
BSU15290	ftsZ1132	1.221447998
BSU15430	ileS	1.827932101
BSU15680	gmk	0.408760593
BSU15700	coaBC	1.255174285
BSU15710	priA	1.940030895
BSU15730	fmt	0.318580293
BSU15830	yloU	-0.751826721
BSU15890	plsX	1.89367993
BSU15900	fabD	-0.342702972
BSU15910	fabG	0.312215462
BSU15920	acpP	0.809808259
BSU15930	rnc	1.552725617
BSU15940	smc	-0.216060179
BSU15980	ffh	0.947405437
BSU15990	rpsP	1.27636383
BSU16030	trmD	-0.410505928
BSU16040	rplS	1.689315446
BSU16050	rbgA	0.673696682
BSU16490	rpsB	1.427798809
BSU16500	tsf	-0.352005995
BSU16510	pyrH	-0.969515391
BSU16520	frr	-1.100593278
BSU16530	uppS	1.072135075
BSU16540	cdsA	1.048135372
BSU16550	dxr	2.157778447
BSU16570	proS	0.119559385
BSU16580	polC	0.90319495
BSU16600	nusA	-0.389898116
BSU16630	infB	-0.697949755
BSU16670	ribC	0.363442181
BSU16680	rpsO	2.636966613
BSU16750	asd	-2.367018812
BSU16760	dapG	-1.092527783
BSU16770	dapA	-0.701392945
BSU16920	pgsA	-0.399459077
BSU16960	ymdA	-0.667139147
BSU17370	nrdI	1.279411133
BSU17380	nrdE	0.145222579
BSU17390	nrdF	0.494299383
BSU17910	yneF	-0.910322577
BSU18070	yneS	0.549298727
BSU18090	parE	1.252802285
BSU18100	parC	1.626069438
BSU19360	odhB	-0.742122786
BSU21320	yomL	-0.587373337
BSU21490	sunI	1.40292264
BSU21810	dfrA	1.32607051
BSU22350	dnaD	1.663279828
BSU22420	panC	1.56812031
BSU22440	birA	0.178731307
BSU22450	cca	-1.028857259
BSU22490	dapB	-1.164782213
BSU22600	aroE	1.308946342
BSU22710	aroF	1.415147357
BSU22740	hepT	0.431055108
BSU22750	ubiE	-3.150950707
BSU22760	hepS	-0.911648598
BSU22780	folE	1.723505929
BSU22790	hbs	0.215700373
BSU22830	gpsA	-0.357652763
BSU22840	engA	1.37992211
BSU22890	cmk	2.715346612
BSU23130	resC	-3.330097509
BSU23140	resB	-1.09611011
BSU23220	scpA	0.51956301
BSU23230	ypuF	-0.813429404
BSU23840	yqjK	-0.195707257
BSU24270	dxs	-0.575396263
BSU24310	folD	1.013922383
BSU24330	yqhY	0.943926148
BSU24340	accC	0.228364587
BSU24350	accB	2.312698214
BSU25070	ispG	-0.088928208
BSU25160	ispH	-0.875216743
BSU25200	sigA	0.246183126
BSU25210	dnaG	-0.300722241
BSU25260	glyS	0.768128242
BSU25270	glyQ	0.247218377
BSU25290	era	1.951578599
BSU25560	holA	0.583472229
BSU25640	nadD	0.637546006
BSU25670	yqeH	1.549053237
BSU26350	sknR99	1.072017528
BSU26350	yqaE	0.109944972
BSU27410	alaS	0.137566612
BSU27500	mnmA	1.616821642
BSU27550	aspS	0.356713578
BSU27560	hisS	0.199568409
BSU27880	nifS	0.011711496
BSU27940	rpmA	1.915437891
BSU27960	rplU	0.054860002
BSU28010	mreD	-1.254597029
BSU28020	mreC	-2.163795069
BSU28030	mreB	-5.040420408
BSU28080	folC	0.826106975
BSU28090	valS	1.503580655
BSU28130	hemB	1.82869827
BSU28140	hemD	0.195597638
BSU28150	hemC	1.208668369
BSU28170	hemA	0.55963393
BSU28190	engB	1.065913983
BSU28390	racE	1.318903913
BSU28500	trxA	-0.649871735
BSU28630	pheT	1.005239376
BSU28640	pheS	0.911827178
BSU28650	ysgA	-0.618367595
BSU28850	rplT	1.308395357
BSU28870	infC	1.031667657
BSU28980	dnaI	0.775489196
BSU28990	dnaB	-0.389254951
BSU29050	ytbE	-0.802665871
BSU29060	coaE	-0.314862569
BSU29200	accA	-0.682195898
BSU29210	accD	0.571334514
BSU29230	dnaE	0.424452018
BSU29660	rpsD	1.871723892
BSU29670	tyrS	-1.110920303
BSU29790	murC	-0.475314608
BSU30320	leuS	1.523339798
BSU30540	asnB	-2.054618745
BSU30550	metK	-0.049215975
BSU30770	mntA	0.54233333
BSU30780	menC	0.683090069
BSU30790	menE	0.212939559
BSU30800	menB	0.843445044
BSU30820	menD	0.794635112
BSU31600	mrpA	0.076051762
BSU31610	mrpB	1.242659865
BSU31620	mrpC	0.869044428
BSU31630	mrpD	0.8930969
BSU31640	mrpE	0.608951268
BSU31650	mrpF	0.833201785
BSU31660	mrpG	0.56543182
BSU32110	yumC	0.053243974
BSU32170	dapF	0.284818259
BSU32670	sufB	-0.189106119
BSU32680	iscU	-0.881118452
BSU32690	sufS	-0.606251266
BSU32700	sufD	-0.445795796
BSU32710	sufC	0.740419498
BSU33660	rghRA	-0.839602658
BSU33900	eno	-3.659641491
BSU33910	pgm	-1.845235465
BSU33940	gapA	-1.325164942
BSU34790	trxB	-5.099774381
BSU35290	prfB	-0.561221554
BSU35300	secA	-1.760536279
BSU35530	tagO	-1.729282114
BSU35600	tuaB	0.092544933
BSU35660	mnaA	-0.223562735
BSU35700	tagH	0.346852194
BSU35710	tagG	-1.476315751
BSU35720	tagF	-0.401984553
BSU35740	tagD	0.089264879
BSU35750	tagA	-0.866856505
BSU35760	tagB	-0.520285406
BSU36410	mbl	-0.149658673
BSU36760	murAA	0.02982663
BSU36900	glyA	0.825139444
BSU37010	prfA	1.586797067
BSU37150	pyrG	1.331571129
BSU38120	rodA	-3.365374945
BSU38490	menA	-3.885526266
BSU38690	yxlC	-0.071708186
BSU40400	walK	-0.974187887
BSU40410	walR	-1.439776089
BSU40440	dnaC	-1.070626161
BSU40550	ppaC	0.254839239
BSU40890	rpsR	0.967863471
BSU40900	ssbA	1.451608473
BSU41050	rnpA	0.971321054
BSU_MISC_RNA_2	scr	-1.070368879
BSU_MISC_RNA_35	rnpB	0.67630561
BSUtRNA23	trnI-Asn	-0.095888103
none	control	0.287932395
